{"options":{"check_for_updates":true,"user_modified":null,"comment":null,"compatopts_for_requires":true,"compat_wrappedjsobject":false,"compat_metadata":false,"compat_foreach":false,"compat_powerful_this":null,"sandbox":null,"noframes":null,"unwrap":null,"run_at":null,"run_in":null,"tags":[],"override":{"use_includes":[],"orig_includes":[],"merge_includes":true,"use_matches":[],"orig_matches":["*://animebytes.tv/torrents.php?*","*://animebytes.tv/user.php?action=edit*"],"merge_matches":true,"use_excludes":[],"orig_excludes":[],"merge_excludes":true,"use_connects":[],"orig_connects":[],"merge_connects":true,"use_blockers":[],"orig_run_at":"document-idle","orig_run_in":[],"orig_noframes":null,"orig_tags":[]}},"settings":{"enabled":true,"position":25},"meta":{"name":"AB - Trailers, Ratings, Links","uuid":"11425391-e1ac-4d18-ab79-5abc1bb646c9","modified":1769614079639}}