{"options":{"check_for_updates":true,"user_modified":1759424129922,"comment":null,"compatopts_for_requires":true,"compat_wrappedjsobject":false,"compat_metadata":false,"compat_foreach":false,"compat_powerful_this":null,"sandbox":null,"noframes":null,"unwrap":null,"run_at":null,"run_in":null,"tags":[],"override":{"use_includes":[],"orig_includes":[],"merge_includes":true,"use_matches":[],"orig_matches":["https://animebytes.tv/*/yen*","https://animebytes.tv/konbini"],"merge_matches":true,"use_excludes":[],"orig_excludes":[],"merge_excludes":true,"use_connects":[],"orig_connects":[],"merge_connects":true,"use_blockers":[],"orig_run_at":"document-idle","orig_run_in":[],"orig_noframes":null,"orig_tags":[]}},"settings":{"enabled":true,"position":2},"meta":{"name":"AB - Yen Log Summarizer","uuid":"c057b5d1-dddb-44b4-83f3-96cc164bd670","modified":1759424129921,"file_url":"https://gist.githubusercontent.com/sabslikesobs/097003598ab8d931d1c61696e8dd3fe8/raw/yencounter.user.js"}}