{"options":{"check_for_updates":true,"user_modified":1769370645280,"comment":null,"compatopts_for_requires":true,"compat_wrappedjsobject":false,"compat_metadata":false,"compat_foreach":false,"compat_powerful_this":null,"sandbox":null,"noframes":null,"unwrap":null,"run_at":null,"run_in":null,"tags":[],"override":{"use_includes":[],"orig_includes":[],"merge_includes":true,"use_matches":[],"orig_matches":["https://animebytes.tv/torrents.php*","https://animebytes.tv/torrents2.php*"],"merge_matches":true,"use_excludes":[],"orig_excludes":[],"merge_excludes":true,"use_connects":[],"orig_connects":[],"merge_connects":true,"use_blockers":[],"orig_run_at":"document-idle","orig_run_in":[],"orig_noframes":null,"orig_tags":[]}},"settings":{"enabled":true,"position":14},"meta":{"name":"AB - Shanzie's Gallery View","uuid":"eb53293e-0c08-4ad0-9cf9-697b45ca1403","modified":1769370645279,"file_url":"https://gist.github.com/Shanzie/965b6bbfa987ee861e10c794353f1061/raw/339e240dd8a5aa1f7e89139612f20d4f86ab87c5/shanzies_ab_gallery_view.user.js"}}