{"options":{"check_for_updates":true,"user_modified":1759424349041,"comment":null,"compatopts_for_requires":true,"compat_wrappedjsobject":false,"compat_metadata":false,"compat_foreach":false,"compat_powerful_this":null,"sandbox":null,"noframes":null,"unwrap":null,"run_at":null,"run_in":null,"tags":[],"override":{"use_includes":[],"orig_includes":[],"merge_includes":true,"use_matches":[],"orig_matches":["*://animebytes.tv/torrents.php*","*://animebytes.tv/torrents2.php*","*://animebytes.tv/user.php?action=edit*"],"merge_matches":true,"use_excludes":[],"orig_excludes":[],"merge_excludes":true,"use_connects":[],"orig_connects":[],"merge_connects":true,"use_blockers":[],"orig_run_at":"document-idle","orig_run_in":[],"orig_noframes":null,"orig_tags":[]}},"settings":{"enabled":true,"position":15},"meta":{"name":"AB - Interactive Search Categories","uuid":"824361c0-d3f9-4cdd-8832-88a8081d878b","modified":1759424349041,"file_url":"https://update.greasyfork.org/scripts/455876/AB%20-%20Interactive%20Search%20Categories.user.js"}}