{"options":{"check_for_updates":true,"user_modified":null,"comment":null,"compatopts_for_requires":true,"compat_wrappedjsobject":false,"compat_metadata":false,"compat_foreach":false,"compat_powerful_this":null,"sandbox":null,"noframes":null,"unwrap":null,"run_at":null,"run_in":null,"tags":[],"override":{"use_includes":[],"orig_includes":[],"merge_includes":true,"use_matches":[],"orig_matches":["https://animebytes.tv/*"],"merge_matches":true,"use_excludes":[],"orig_excludes":[],"merge_excludes":true,"use_connects":[],"orig_connects":[],"merge_connects":true,"use_blockers":[],"orig_run_at":"document-idle","orig_run_in":[],"orig_noframes":null,"orig_tags":[]}},"settings":{"enabled":true,"position":13},"meta":{"name":"AB - AnimeBytes Forum Tag Notifications","uuid":"f58744d7-0a7d-4ba9-b746-7c603d798b28","modified":1769472369977,"file_url":"https://gist.githubusercontent.com/sabslikesobs/bb5f3751e81154150dfaeed9e3fcee02/raw/replies.user.js"}}