{"options":{"check_for_updates":true,"user_modified":1769472542675,"comment":null,"compatopts_for_requires":true,"compat_wrappedjsobject":false,"compat_metadata":false,"compat_foreach":false,"compat_powerful_this":null,"sandbox":null,"noframes":null,"unwrap":null,"run_at":null,"run_in":null,"tags":[],"override":{"use_includes":[],"orig_includes":[],"merge_includes":true,"use_matches":[],"orig_matches":["*://animebytes.tv/series.php?*","*://animebytes.tv/artist.php?*","*://animebytes.tv/user.php?action=edit*"],"merge_matches":true,"use_excludes":[],"orig_excludes":[],"merge_excludes":true,"use_connects":[],"orig_connects":[],"merge_connects":true,"use_blockers":[],"orig_run_at":"document-idle","orig_run_in":[],"orig_noframes":null,"orig_tags":[]}},"settings":{"enabled":true,"position":20},"meta":{"name":"AB - Improved Franchise/Artist Page","uuid":"2afbb1e4-f7e7-42ef-b9ef-ac984d796b5a","modified":1769472542674,"file_url":"https://github.com/TalkingJello/ab-improved-franchise-page/raw/refs/heads/main/ab-improved-franchise-page.user.js"}}