{"ts":1769472495056,"data":{"alerts":"s{\"79-2156915\":{\"row\":\"<tr class=\\\"rowb\\\">\\n        <td>\\n            <a href=\\\"/forums.php?action=viewforum&amp;forumid=79\\\">Site Enhancements</a>\\n        </td>\\n        <td>\\n            <a href=\\\"/forums.php?action=viewthread&amp;threadid=30781&amp;page=2#post2156915\\\">[Userscript] AnimeBytes Nightly</a>\\n        </td>\\n        <td>\\n            <span style=\\\"\\\" class=\\\"\\\" title=\\\"Jan 26 2026, 21:25 UTC\\\">1 hour, 6 seconds ago</span>        </td>\\n    </tr>\",\"date\":1769459100000,\"fpid\":\"79-2156915\",\"clean\":\"Mon Jan 26 2026\",\"seen\":true},\"79-2156883\":{\"row\":\"<tr class=\\\"rowb\\\">\\n        <td>\\n            <a href=\\\"/forums.php?action=viewforum&amp;forumid=79\\\">Site Enhancements</a>\\n        </td>\\n        <td>\\n            <a href=\\\"/forums.php?action=viewthread&amp;threadid=30781&amp;page=2#post2156883\\\">[Userscript] AnimeBytes Nightly</a>\\n        </td>\\n        <td>\\n            <span style=\\\"\\\" class=\\\"\\\" title=\\\"Jan 26 2026, 17:32 UTC\\\">2 hours, 45 minutes ago</span>        </td>\\n    </tr>\",\"date\":1769445120000,\"fpid\":\"79-2156883\",\"clean\":\"Mon Jan 26 2026\",\"seen\":true},\"79-2156862\":{\"row\":\"<tr class=\\\"rowb\\\">\\n        <td>\\n            <a href=\\\"/forums.php?action=viewforum&amp;forumid=79\\\">Site Enhancements</a>\\n        </td>\\n        <td>\\n            <a href=\\\"/forums.php?action=viewthread&amp;threadid=30781&amp;page=2#post2156862\\\">[Userscript] AnimeBytes Nightly</a>\\n        </td>\\n        <td>\\n            <span style=\\\"\\\" class=\\\"\\\" title=\\\"Jan 26 2026, 12:54 UTC\\\">1 hour, 20 minutes ago</span>        </td>\\n    </tr>\",\"date\":1769428440000,\"fpid\":\"79-2156862\",\"clean\":\"Mon Jan 26 2026\",\"seen\":true},\"79-2152385\":{\"row\":\"<tr class=\\\"rowb\\\">\\n        <td>\\n            <a href=\\\"/forums.php?action=viewforum&amp;forumid=79\\\">Site Enhancements</a>\\n        </td>\\n        <td>\\n            <a href=\\\"/forums.php?action=viewthread&amp;threadid=30781&amp;page=2#post2152385\\\">[Userscript] AnimeBytes Nightly</a>\\n        </td>\\n        <td>\\n            <span style=\\\"\\\" class=\\\"\\\" title=\\\"Dec 28 2025, 21:22 UTC\\\">1 hour, 48 minutes ago</span>        </td>\\n    </tr>\",\"date\":1766953320000,\"fpid\":\"79-2152385\",\"clean\":\"Sun Dec 28 2025\",\"seen\":true},\"79-2152174\":{\"row\":\"<tr class=\\\"rowb\\\">\\n        <td>\\n            <a href=\\\"/forums.php?action=viewforum&amp;forumid=79\\\">Site Enhancements</a>\\n        </td>\\n        <td>\\n            <a href=\\\"/forums.php?action=viewthread&amp;threadid=31017&amp;page=1#post2152174\\\">[Userscript] Improved Franchise/Artist Page</a>\\n        </td>\\n        <td>\\n            <span style=\\\"\\\" class=\\\"\\\" title=\\\"Dec 27 2025, 10:21 UTC\\\">23 minutes, 15 seconds ago</span>        </td>\\n    </tr>\",\"date\":1766827260000,\"fpid\":\"79-2152174\",\"clean\":\"Sat Dec 27 2025\",\"seen\":true},\"79-2152098\":{\"row\":\"<tr class=\\\"rowb\\\">\\n        <td>\\n            <a href=\\\"/forums.php?action=viewforum&amp;forumid=79\\\">Site Enhancements</a>\\n        </td>\\n        <td>\\n            <a href=\\\"/forums.php?action=viewthread&amp;threadid=30781&amp;page=2#post2152098\\\">[Userscript] AnimeBytes Nightly</a>\\n        </td>\\n        <td>\\n            <span style=\\\"\\\" class=\\\"\\\" title=\\\"Dec 26 2025, 23:55 UTC\\\">1 hour, 50 minutes ago</span>        </td>\\n    </tr>\",\"date\":1766789700000,\"fpid\":\"79-2152098\",\"clean\":\"Fri Dec 26 2025\",\"seen\":true},\"79-2150938\":{\"row\":\"<tr class=\\\"rowb\\\">\\n        <td>\\n            <a href=\\\"/forums.php?action=viewforum&amp;forumid=79\\\">Site Enhancements</a>\\n        </td>\\n        <td>\\n            <a href=\\\"/forums.php?action=viewthread&amp;threadid=30781&amp;page=1#post2150938\\\">[Userscript] AnimeBytes Nightly</a>\\n        </td>\\n        <td>\\n            <span style=\\\"\\\" class=\\\"\\\" title=\\\"Dec 19 2025, 18:40 UTC\\\">16 hours, 52 minutes ago</span>        </td>\\n    </tr>\",\"date\":1766166000000,\"fpid\":\"79-2150938\",\"clean\":\"Fri Dec 19 2025\",\"seen\":true},\"79-2148936\":{\"row\":\"<tr class=\\\"rowb\\\">\\n        <td>\\n            <a href=\\\"/forums.php?action=viewforum&amp;forumid=79\\\">Site Enhancements</a>\\n        </td>\\n        <td>\\n            <a href=\\\"/forums.php?action=viewthread&amp;threadid=30781&amp;page=1#post2148936\\\">[Userscript] AnimeBytes Nightly</a>\\n        </td>\\n        <td>\\n            <span style=\\\"\\\" class=\\\"\\\" title=\\\"Dec 08 2025, 13:43 UTC\\\">1 month, 1 week ago</span>        </td>\\n    </tr>\",\"date\":1765197780000,\"fpid\":\"79-2148936\",\"clean\":\"Mon Dec 08 2025\",\"seen\":true},\"79-2148083\":{\"row\":\"<tr class=\\\"rowb\\\">\\n        <td>\\n            <a href=\\\"/forums.php?action=viewforum&amp;forumid=79\\\">Site Enhancements</a>\\n        </td>\\n        <td>\\n            <a href=\\\"/forums.php?action=viewthread&amp;threadid=30781&amp;page=1#post2148083\\\">[Userscript] AnimeBytes Nightly</a>\\n        </td>\\n        <td>\\n            <span style=\\\"\\\" class=\\\"\\\" title=\\\"Dec 02 2025, 17:58 UTC\\\">2 hours, 21 minutes ago</span>        </td>\\n    </tr>\",\"date\":1764694680000,\"fpid\":\"79-2148083\",\"clean\":\"Tue Dec 02 2025\",\"seen\":true},\"2-2145197\":{\"row\":\"<tr class=\\\"rowb\\\">\\n        <td>\\n            <a href=\\\"/forums.php?action=viewforum&amp;forumid=2\\\">Chat</a>\\n        </td>\\n        <td>\\n            <a href=\\\"/forums.php?action=viewthread&amp;threadid=75&amp;page=335#post2145197\\\">Introduce yourselves~! ^_^</a>\\n        </td>\\n        <td>\\n            <span style=\\\"\\\" class=\\\"\\\" title=\\\"Nov 13 2025, 23:04 UTC\\\">17 hours, 27 minutes ago</span>        </td>\\n    </tr>\",\"date\":1763071440000,\"fpid\":\"2-2145197\",\"clean\":\"Thu Nov 13 2025\",\"seen\":true},\"79-2144347\":{\"row\":\"<tr class=\\\"rowb\\\">\\n        <td>\\n            <a href=\\\"/forums.php?action=viewforum&amp;forumid=79\\\">Site Enhancements</a>\\n        </td>\\n        <td>\\n            <a href=\\\"/forums.php?action=viewthread&amp;threadid=28341&amp;page=1#post2144347\\\">[Userscript] Trailers, Ratings, Links (and more?) [TMDB, IMDb, tvdb, MAL, AniDB]</a>\\n        </td>\\n        <td>\\n            <span style=\\\"\\\" class=\\\"\\\" title=\\\"Nov 07 2025, 18:16 UTC\\\">39 minutes, 29 seconds ago</span>        </td>\\n    </tr>\",\"date\":1762535760000,\"fpid\":\"79-2144347\",\"clean\":\"Fri Nov 07 2025\",\"seen\":true},\"2-2139573\":{\"row\":\"<tr class=\\\"rowb\\\">\\n        <td>\\n            <a href=\\\"/forums.php?action=viewforum&amp;forumid=2\\\">Chat</a>\\n        </td>\\n        <td>\\n            <a href=\\\"/forums.php?action=viewthread&amp;threadid=25885&amp;page=38#post2139573\\\">IRCBux v2</a>\\n        </td>\\n        <td>\\n            <span style=\\\"\\\" class=\\\"\\\" title=\\\"Oct 07 2025, 21:30 UTC\\\">4 days, 11 hours ago</span>        </td>\\n    </tr>\",\"date\":1759865400000,\"fpid\":\"2-2139573\",\"clean\":\"Tue Oct 07 2025\",\"seen\":true},\"2-2138411\":{\"row\":\"<tr class=\\\"rowa\\\">\\n        <td>\\n            <a href=\\\"/forums.php?action=viewforum&amp;forumid=2\\\">Chat</a>\\n        </td>\\n        <td>\\n            <a href=\\\"/forums.php?action=viewthread&amp;threadid=25885&amp;page=38#post2138411\\\">IRCBux v2</a>\\n        </td>\\n        <td>\\n            <span style=\\\"\\\" class=\\\"\\\" title=\\\"Sep 30 2025, 21:30 UTC\\\">1 week, 4 days ago</span>        </td>\\n    </tr>\",\"date\":1759260600000,\"fpid\":\"2-2138411\",\"clean\":\"Tue Sep 30 2025\",\"seen\":true},\"2-2131063\":{\"row\":\"<tr class=\\\"rowb\\\">\\n        <td>\\n            <a href=\\\"/forums.php?action=viewforum&amp;forumid=2\\\">Chat</a>\\n        </td>\\n        <td>\\n            <a href=\\\"/forums.php?action=viewthread&amp;threadid=25885&amp;page=37#post2131063\\\">IRCBux v2</a>\\n        </td>\\n        <td>\\n            <span style=\\\"\\\" class=\\\"\\\" title=\\\"Aug 19 2025, 21:30 UTC\\\">1 month, 3 weeks ago</span>        </td>\\n    </tr>\",\"date\":1755631800000,\"fpid\":\"2-2131063\",\"clean\":\"Tue Aug 19 2025\",\"seen\":true},\"2-2129592\":{\"row\":\"<tr class=\\\"rowa\\\">\\n        <td>\\n            <a href=\\\"/forums.php?action=viewforum&amp;forumid=2\\\">Chat</a>\\n        </td>\\n        <td>\\n            <a href=\\\"/forums.php?action=viewthread&amp;threadid=25885&amp;page=37#post2129592\\\">IRCBux v2</a>\\n        </td>\\n        <td>\\n            <span style=\\\"\\\" class=\\\"\\\" title=\\\"Aug 12 2025, 21:30 UTC\\\">1 month, 4 weeks ago</span>        </td>\\n    </tr>\",\"date\":1755027000000,\"fpid\":\"2-2129592\",\"clean\":\"Tue Aug 12 2025\",\"seen\":true},\"2-2128403\":{\"row\":\"<tr class=\\\"rowb\\\">\\n        <td>\\n            <a href=\\\"/forums.php?action=viewforum&amp;forumid=2\\\">Chat</a>\\n        </td>\\n        <td>\\n            <a href=\\\"/forums.php?action=viewthread&amp;threadid=25885&amp;page=37#post2128403\\\">IRCBux v2</a>\\n        </td>\\n        <td>\\n            <span style=\\\"\\\" class=\\\"\\\" title=\\\"Aug 05 2025, 21:30 UTC\\\">2 months, 6 days ago</span>        </td>\\n    </tr>\",\"date\":1754422200000,\"fpid\":\"2-2128403\",\"clean\":\"Tue Aug 05 2025\",\"seen\":true},\"2-2128062\":{\"row\":\"<tr class=\\\"rowa\\\">\\n        <td>\\n            <a href=\\\"/forums.php?action=viewforum&amp;forumid=2\\\">Chat</a>\\n        </td>\\n        <td>\\n            <a href=\\\"/forums.php?action=viewthread&amp;threadid=26087&amp;page=48#post2128062\\\">Set your avatar for some free yen!  ¥ ¥ ¥</a>\\n        </td>\\n        <td>\\n            <span style=\\\"\\\" class=\\\"\\\" title=\\\"Aug 03 2025, 20:05 UTC\\\">2 months, 1 week ago</span>        </td>\\n    </tr>\",\"date\":1754244300000,\"fpid\":\"2-2128062\",\"clean\":\"Sun Aug 03 2025\",\"seen\":true},\"2-2119940\":{\"row\":\"<tr class=\\\"rowb\\\">\\n        <td>\\n            <a href=\\\"/forums.php?action=viewforum&amp;forumid=2\\\">Chat</a>\\n        </td>\\n        <td>\\n            <a href=\\\"/forums.php?action=viewthread&amp;threadid=75&amp;page=329#post2119940\\\">Introduce yourselves~! ^_^</a>\\n        </td>\\n        <td>\\n            <span style=\\\"\\\" class=\\\"\\\" title=\\\"Jun 24 2025, 13:03 UTC\\\">3 months, 2 weeks ago</span>        </td>\\n    </tr>\",\"date\":1750762980000,\"fpid\":\"2-2119940\",\"clean\":\"Tue Jun 24 2025\",\"seen\":true}}","last_check":"sTue Jan 27 2026 00:36:20 GMT+0100 (Central European Standard Time)","preference":"sany","hidden":"btrue"}}