{"options":{"check_for_updates":true,"user_modified":1759425533025,"comment":null,"compatopts_for_requires":true,"compat_wrappedjsobject":false,"compat_metadata":false,"compat_foreach":false,"compat_powerful_this":null,"sandbox":null,"noframes":null,"unwrap":null,"run_at":null,"run_in":null,"tags":[],"override":{"use_includes":[],"orig_includes":[],"merge_includes":true,"use_matches":[],"orig_matches":["*://animebytes.tv/*","*://releases.moe/*"],"merge_matches":true,"use_excludes":[],"orig_excludes":[],"merge_excludes":true,"use_connects":[],"orig_connects":["releases.moe"],"merge_connects":true,"use_blockers":[],"orig_run_at":"document-idle","orig_run_in":[],"orig_noframes":null,"orig_tags":[]}},"settings":{"enabled":true,"position":7},"meta":{"name":"AB - Mark SeaDex Releases","uuid":"4f1b6c46-4ff5-4ef6-a9cf-a6d7ea0402dd","modified":1759425533025,"file_url":"https://releases.moe/animebytesmark.user.js"}}