{"options":{"check_for_updates":true,"user_modified":1768585023628,"comment":null,"compatopts_for_requires":true,"compat_wrappedjsobject":false,"compat_metadata":false,"compat_foreach":false,"compat_powerful_this":null,"sandbox":null,"noframes":null,"unwrap":null,"run_at":null,"run_in":null,"tags":[],"override":{"use_includes":[],"orig_includes":[],"merge_includes":true,"use_matches":[],"orig_matches":["https://animebytes.tv/torrents.php?id=*"],"merge_matches":true,"use_excludes":[],"orig_excludes":[],"merge_excludes":true,"use_connects":[],"orig_connects":[],"merge_connects":true,"use_blockers":[],"orig_run_at":"document-idle","orig_run_in":[],"orig_noframes":null,"orig_tags":[]}},"settings":{"enabled":true,"position":18},"meta":{"name":"AB - Screenshot Scroller","uuid":"9cab0df4-90f5-41c2-8054-3b3aaf0c1984","modified":1768585023627,"file_url":"https://update.greasyfork.org/scripts/473964/AB%20-%20Screenshot%20Scroller.user.js"}}