{"options":{"check_for_updates":true,"user_modified":1759424316444,"comment":null,"compatopts_for_requires":true,"compat_wrappedjsobject":false,"compat_metadata":false,"compat_foreach":false,"compat_powerful_this":null,"sandbox":null,"noframes":null,"unwrap":null,"run_at":null,"run_in":null,"tags":[],"override":{"use_includes":[],"orig_includes":[],"merge_includes":true,"use_matches":[],"orig_matches":["https://animebytes.tv/series.php*","https://animebytes.tv/artist.php*"],"merge_matches":true,"use_excludes":[],"orig_excludes":[],"merge_excludes":true,"use_connects":[],"orig_connects":[],"merge_connects":true,"use_blockers":[],"orig_run_at":"document-idle","orig_run_in":[],"orig_noframes":null,"orig_tags":[]}},"settings":{"enabled":true,"position":2},"meta":{"name":"AB - Quick Navigation","uuid":"589e4c5b-71f2-4710-a6fa-c98079ff2d97","modified":1759424316443,"file_url":"https://gist.github.com/soranosita/5d61478d34cb78917611b77b2eaafcba/raw/ab-quick-navigation.user.js"}}