{"ts":1770013556848,"data":{"alerts":"s{\"79-2157647\":{\"row\":\"<tr class=\\\"rowb\\\">\\n        <td>\\n            <a href=\\\"/forums.php?action=viewforum&amp;forumid=79\\\">Site Enhancements</a>\\n        </td>\\n        <td>\\n            <a href=\\\"/forums.php?action=viewthread&amp;threadid=30781&amp;page=3#post2157647\\\">[Userscript] AnimeBytes Nightly</a>\\n        </td>\\n        <td>\\n            <span style=\\\"\\\" class=\\\"\\\" title=\\\"Jan 31 2026, 21:52 UTC\\\">7 hours, 59 minutes ago</span>        </td>\\n    </tr>\",\"date\":1769892720000,\"fpid\":\"79-2157647\",\"clean\":\"Sat Jan 31 2026\",\"seen\":true},\"79-2157368\":{\"row\":\"<tr class=\\\"rowb\\\">\\n        <td>\\n            <a href=\\\"/forums.php?action=viewforum&amp;forumid=79\\\">Site Enhancements</a>\\n        </td>\\n        <td>\\n            <a href=\\\"/forums.php?action=viewthread&amp;threadid=30781&amp;page=3#post2157368\\\">[Userscript] AnimeBytes Nightly</a>\\n        </td>\\n        <td>\\n            <span style=\\\"\\\" class=\\\"\\\" title=\\\"Jan 29 2026, 23:26 UTC\\\">1 day, 14 hours ago</span>        </td>\\n    </tr>\",\"date\":1769725560000,\"fpid\":\"79-2157368\",\"clean\":\"Thu Jan 29 2026\",\"seen\":true},\"79-2157312\":{\"row\":\"<tr class=\\\"rowb\\\">\\n        <td>\\n            <a href=\\\"/forums.php?action=viewforum&amp;forumid=79\\\">Site Enhancements</a>\\n        </td>\\n        <td>\\n            <a href=\\\"/forums.php?action=viewthread&amp;threadid=30781&amp;page=3#post2157312\\\">[Userscript] AnimeBytes Nightly</a>\\n        </td>\\n        <td>\\n            <span style=\\\"\\\" class=\\\"\\\" title=\\\"Jan 29 2026, 14:55 UTC\\\">8 minutes, 2 seconds ago</span>        </td>\\n    </tr>\",\"date\":1769694900000,\"fpid\":\"79-2157312\",\"clean\":\"Thu Jan 29 2026\",\"seen\":true},\"79-2157305\":{\"row\":\"<tr class=\\\"rowa\\\">\\n        <td>\\n            <a href=\\\"/forums.php?action=viewforum&amp;forumid=79\\\">Site Enhancements</a>\\n        </td>\\n        <td>\\n            <a href=\\\"/forums.php?action=viewthread&amp;threadid=30781&amp;page=3#post2157305\\\">[Userscript] AnimeBytes Nightly</a>\\n        </td>\\n        <td>\\n            <span style=\\\"\\\" class=\\\"\\\" title=\\\"Jan 29 2026, 12:11 UTC\\\">2 hours, 52 minutes ago</span>        </td>\\n    </tr>\",\"date\":1769685060000,\"fpid\":\"79-2157305\",\"clean\":\"Thu Jan 29 2026\",\"seen\":true},\"79-2157224\":{\"row\":\"<tr class=\\\"rowb\\\">\\n        <td>\\n            <a href=\\\"/forums.php?action=viewforum&amp;forumid=79\\\">Site Enhancements</a>\\n        </td>\\n        <td>\\n            <a href=\\\"/forums.php?action=viewthread&amp;threadid=30781&amp;page=3#post2157224\\\">[Userscript] AnimeBytes Nightly</a>\\n        </td>\\n        <td>\\n            <span style=\\\"\\\" class=\\\"\\\" title=\\\"Jan 28 2026, 21:19 UTC\\\">17 hours, 44 minutes ago</span>        </td>\\n    </tr>\",\"date\":1769631540000,\"fpid\":\"79-2157224\",\"clean\":\"Wed Jan 28 2026\",\"seen\":true},\"79-2157206\":{\"row\":\"<tr class=\\\"rowa\\\">\\n        <td>\\n            <a href=\\\"/forums.php?action=viewforum&amp;forumid=79\\\">Site Enhancements</a>\\n        </td>\\n        <td>\\n            <a href=\\\"/forums.php?action=viewthread&amp;threadid=30781&amp;page=3#post2157206\\\">[Userscript] AnimeBytes Nightly</a>\\n        </td>\\n        <td>\\n            <span style=\\\"\\\" class=\\\"\\\" title=\\\"Jan 28 2026, 18:44 UTC\\\">20 hours, 19 minutes ago</span>        </td>\\n    </tr>\",\"date\":1769622240000,\"fpid\":\"79-2157206\",\"clean\":\"Wed Jan 28 2026\",\"seen\":true},\"79-2157091\":{\"row\":\"<tr class=\\\"rowb\\\">\\n        <td>\\n            <a href=\\\"/forums.php?action=viewforum&amp;forumid=79\\\">Site Enhancements</a>\\n        </td>\\n        <td>\\n            <a href=\\\"/forums.php?action=viewthread&amp;threadid=30781&amp;page=2#post2157091\\\">[Userscript] AnimeBytes Nightly</a>\\n        </td>\\n        <td>\\n            <span style=\\\"\\\" class=\\\"\\\" title=\\\"Jan 27 2026, 23:23 UTC\\\">10 hours, 22 minutes ago</span>        </td>\\n    </tr>\",\"date\":1769552580000,\"fpid\":\"79-2157091\",\"clean\":\"Tue Jan 27 2026\",\"seen\":true},\"79-2156915\":{\"row\":\"<tr class=\\\"rowb\\\">\\n        <td>\\n            <a href=\\\"/forums.php?action=viewforum&amp;forumid=79\\\">Site Enhancements</a>\\n        </td>\\n        <td>\\n            <a href=\\\"/forums.php?action=viewthread&amp;threadid=30781&amp;page=2#post2156915\\\">[Userscript] AnimeBytes Nightly</a>\\n        </td>\\n        <td>\\n            <span style=\\\"\\\" class=\\\"\\\" title=\\\"Jan 26 2026, 21:25 UTC\\\">19 hours, 47 minutes ago</span>        </td>\\n    </tr>\",\"date\":1769459100000,\"fpid\":\"79-2156915\",\"clean\":\"Mon Jan 26 2026\",\"seen\":true},\"79-2156883\":{\"row\":\"<tr class=\\\"rowa\\\">\\n        <td>\\n            <a href=\\\"/forums.php?action=viewforum&amp;forumid=79\\\">Site Enhancements</a>\\n        </td>\\n        <td>\\n            <a href=\\\"/forums.php?action=viewthread&amp;threadid=30781&amp;page=2#post2156883\\\">[Userscript] AnimeBytes Nightly</a>\\n        </td>\\n        <td>\\n            <span style=\\\"\\\" class=\\\"\\\" title=\\\"Jan 26 2026, 17:32 UTC\\\">23 hours, 39 minutes ago</span>        </td>\\n    </tr>\",\"date\":1769445120000,\"fpid\":\"79-2156883\",\"clean\":\"Mon Jan 26 2026\",\"seen\":true},\"79-2156862\":{\"row\":\"<tr class=\\\"rowb\\\">\\n        <td>\\n            <a href=\\\"/forums.php?action=viewforum&amp;forumid=79\\\">Site Enhancements</a>\\n        </td>\\n        <td>\\n            <a href=\\\"/forums.php?action=viewthread&amp;threadid=30781&amp;page=2#post2156862\\\">[Userscript] AnimeBytes Nightly</a>\\n        </td>\\n        <td>\\n            <span style=\\\"\\\" class=\\\"\\\" title=\\\"Jan 26 2026, 12:54 UTC\\\">1 day, 4 hours ago</span>        </td>\\n    </tr>\",\"date\":1769428440000,\"fpid\":\"79-2156862\",\"clean\":\"Mon Jan 26 2026\",\"seen\":true},\"79-2152385\":{\"row\":\"<tr class=\\\"rowa\\\">\\n        <td>\\n            <a href=\\\"/forums.php?action=viewforum&amp;forumid=79\\\">Site Enhancements</a>\\n        </td>\\n        <td>\\n            <a href=\\\"/forums.php?action=viewthread&amp;threadid=30781&amp;page=2#post2152385\\\">[Userscript] AnimeBytes Nightly</a>\\n        </td>\\n        <td>\\n            <span style=\\\"\\\" class=\\\"\\\" title=\\\"Dec 28 2025, 21:22 UTC\\\">4 weeks, 1 day ago</span>        </td>\\n    </tr>\",\"date\":1766953320000,\"fpid\":\"79-2152385\",\"clean\":\"Sun Dec 28 2025\",\"seen\":true},\"79-2152174\":{\"row\":\"<tr class=\\\"rowb\\\">\\n        <td>\\n            <a href=\\\"/forums.php?action=viewforum&amp;forumid=79\\\">Site Enhancements</a>\\n        </td>\\n        <td>\\n            <a href=\\\"/forums.php?action=viewthread&amp;threadid=31017&amp;page=1#post2152174\\\">[Userscript] Improved Franchise/Artist Page</a>\\n        </td>\\n        <td>\\n            <span style=\\\"\\\" class=\\\"\\\" title=\\\"Dec 27 2025, 10:21 UTC\\\">1 month, 6 hours ago</span>        </td>\\n    </tr>\",\"date\":1766827260000,\"fpid\":\"79-2152174\",\"clean\":\"Sat Dec 27 2025\",\"seen\":true},\"79-2152098\":{\"row\":\"<tr class=\\\"rowa\\\">\\n        <td>\\n            <a href=\\\"/forums.php?action=viewforum&amp;forumid=79\\\">Site Enhancements</a>\\n        </td>\\n        <td>\\n            <a href=\\\"/forums.php?action=viewthread&amp;threadid=30781&amp;page=2#post2152098\\\">[Userscript] AnimeBytes Nightly</a>\\n        </td>\\n        <td>\\n            <span style=\\\"\\\" class=\\\"\\\" title=\\\"Dec 26 2025, 23:55 UTC\\\">1 month, 17 hours ago</span>        </td>\\n    </tr>\",\"date\":1766789700000,\"fpid\":\"79-2152098\",\"clean\":\"Fri Dec 26 2025\",\"seen\":true},\"79-2150938\":{\"row\":\"<tr class=\\\"rowb\\\">\\n        <td>\\n            <a href=\\\"/forums.php?action=viewforum&amp;forumid=79\\\">Site Enhancements</a>\\n        </td>\\n        <td>\\n            <a href=\\\"/forums.php?action=viewthread&amp;threadid=30781&amp;page=1#post2150938\\\">[Userscript] AnimeBytes Nightly</a>\\n        </td>\\n        <td>\\n            <span style=\\\"\\\" class=\\\"\\\" title=\\\"Dec 19 2025, 18:40 UTC\\\">1 month, 1 week ago</span>        </td>\\n    </tr>\",\"date\":1766166000000,\"fpid\":\"79-2150938\",\"clean\":\"Fri Dec 19 2025\",\"seen\":true},\"79-2148936\":{\"row\":\"<tr class=\\\"rowa\\\">\\n        <td>\\n            <a href=\\\"/forums.php?action=viewforum&amp;forumid=79\\\">Site Enhancements</a>\\n        </td>\\n        <td>\\n            <a href=\\\"/forums.php?action=viewthread&amp;threadid=30781&amp;page=1#post2148936\\\">[Userscript] AnimeBytes Nightly</a>\\n        </td>\\n        <td>\\n            <span style=\\\"\\\" class=\\\"\\\" title=\\\"Dec 08 2025, 13:43 UTC\\\">1 month, 2 weeks ago</span>        </td>\\n    </tr>\",\"date\":1765197780000,\"fpid\":\"79-2148936\",\"clean\":\"Mon Dec 08 2025\",\"seen\":true},\"79-2148083\":{\"row\":\"<tr class=\\\"rowb\\\">\\n        <td>\\n            <a href=\\\"/forums.php?action=viewforum&amp;forumid=79\\\">Site Enhancements</a>\\n        </td>\\n        <td>\\n            <a href=\\\"/forums.php?action=viewthread&amp;threadid=30781&amp;page=1#post2148083\\\">[Userscript] AnimeBytes Nightly</a>\\n        </td>\\n        <td>\\n            <span style=\\\"\\\" class=\\\"\\\" title=\\\"Dec 02 2025, 17:58 UTC\\\">1 month, 3 weeks ago</span>        </td>\\n    </tr>\",\"date\":1764694680000,\"fpid\":\"79-2148083\",\"clean\":\"Tue Dec 02 2025\",\"seen\":true},\"2-2145197\":{\"row\":\"<tr class=\\\"rowa\\\">\\n        <td>\\n            <a href=\\\"/forums.php?action=viewforum&amp;forumid=2\\\">Chat</a>\\n        </td>\\n        <td>\\n            <a href=\\\"/forums.php?action=viewthread&amp;threadid=75&amp;page=335#post2145197\\\">Introduce yourselves~! ^_^</a>\\n        </td>\\n        <td>\\n            <span style=\\\"\\\" class=\\\"\\\" title=\\\"Nov 13 2025, 23:04 UTC\\\">2 months, 1 week ago</span>        </td>\\n    </tr>\",\"date\":1763071440000,\"fpid\":\"2-2145197\",\"clean\":\"Thu Nov 13 2025\",\"seen\":true},\"79-2144347\":{\"row\":\"<tr class=\\\"rowb\\\">\\n        <td>\\n            <a href=\\\"/forums.php?action=viewforum&amp;forumid=79\\\">Site Enhancements</a>\\n        </td>\\n        <td>\\n            <a href=\\\"/forums.php?action=viewthread&amp;threadid=28341&amp;page=1#post2144347\\\">[Userscript] Trailers, Ratings, Links (and more?) [TMDB, IMDb, tvdb, MAL, AniDB]</a>\\n        </td>\\n        <td>\\n            <span style=\\\"\\\" class=\\\"\\\" title=\\\"Nov 07 2025, 18:16 UTC\\\">2 months, 2 weeks ago</span>        </td>\\n    </tr>\",\"date\":1762535760000,\"fpid\":\"79-2144347\",\"clean\":\"Fri Nov 07 2025\",\"seen\":true},\"2-2139573\":{\"row\":\"<tr class=\\\"rowa\\\">\\n        <td>\\n            <a href=\\\"/forums.php?action=viewforum&amp;forumid=2\\\">Chat</a>\\n        </td>\\n        <td>\\n            <a href=\\\"/forums.php?action=viewthread&amp;threadid=25885&amp;page=38#post2139573\\\">IRCBux v2</a>\\n        </td>\\n        <td>\\n            <span style=\\\"\\\" class=\\\"\\\" title=\\\"Oct 07 2025, 21:30 UTC\\\">3 months, 2 weeks ago</span>        </td>\\n    </tr>\",\"date\":1759865400000,\"fpid\":\"2-2139573\",\"clean\":\"Tue Oct 07 2025\",\"seen\":true},\"2-2138411\":{\"row\":\"<tr class=\\\"rowb\\\">\\n        <td>\\n            <a href=\\\"/forums.php?action=viewforum&amp;forumid=2\\\">Chat</a>\\n        </td>\\n        <td>\\n            <a href=\\\"/forums.php?action=viewthread&amp;threadid=25885&amp;page=38#post2138411\\\">IRCBux v2</a>\\n        </td>\\n        <td>\\n            <span style=\\\"\\\" class=\\\"\\\" title=\\\"Sep 30 2025, 21:30 UTC\\\">3 months, 3 weeks ago</span>        </td>\\n    </tr>\",\"date\":1759260600000,\"fpid\":\"2-2138411\",\"clean\":\"Tue Sep 30 2025\",\"seen\":true},\"2-2131063\":{\"row\":\"<tr class=\\\"rowa\\\">\\n        <td>\\n            <a href=\\\"/forums.php?action=viewforum&amp;forumid=2\\\">Chat</a>\\n        </td>\\n        <td>\\n            <a href=\\\"/forums.php?action=viewthread&amp;threadid=25885&amp;page=37#post2131063\\\">IRCBux v2</a>\\n        </td>\\n        <td>\\n            <span style=\\\"\\\" class=\\\"\\\" title=\\\"Aug 19 2025, 21:30 UTC\\\">5 months, 1 week ago</span>        </td>\\n    </tr>\",\"date\":1755631800000,\"fpid\":\"2-2131063\",\"clean\":\"Tue Aug 19 2025\",\"seen\":true},\"2-2129592\":{\"row\":\"<tr class=\\\"rowb\\\">\\n        <td>\\n            <a href=\\\"/forums.php?action=viewforum&amp;forumid=2\\\">Chat</a>\\n        </td>\\n        <td>\\n            <a href=\\\"/forums.php?action=viewthread&amp;threadid=25885&amp;page=37#post2129592\\\">IRCBux v2</a>\\n        </td>\\n        <td>\\n            <span style=\\\"\\\" class=\\\"\\\" title=\\\"Aug 12 2025, 21:30 UTC\\\">5 months, 2 weeks ago</span>        </td>\\n    </tr>\",\"date\":1755027000000,\"fpid\":\"2-2129592\",\"clean\":\"Tue Aug 12 2025\",\"seen\":true},\"2-2128403\":{\"row\":\"<tr class=\\\"rowa\\\">\\n        <td>\\n            <a href=\\\"/forums.php?action=viewforum&amp;forumid=2\\\">Chat</a>\\n        </td>\\n        <td>\\n            <a href=\\\"/forums.php?action=viewthread&amp;threadid=25885&amp;page=37#post2128403\\\">IRCBux v2</a>\\n        </td>\\n        <td>\\n            <span style=\\\"\\\" class=\\\"\\\" title=\\\"Aug 05 2025, 21:30 UTC\\\">5 months, 3 weeks ago</span>        </td>\\n    </tr>\",\"date\":1754422200000,\"fpid\":\"2-2128403\",\"clean\":\"Tue Aug 05 2025\",\"seen\":true},\"2-2128062\":{\"row\":\"<tr class=\\\"rowb\\\">\\n        <td>\\n            <a href=\\\"/forums.php?action=viewforum&amp;forumid=2\\\">Chat</a>\\n        </td>\\n        <td>\\n            <a href=\\\"/forums.php?action=viewthread&amp;threadid=26087&amp;page=48#post2128062\\\">Set your avatar for some free yen!  ¥ ¥ ¥</a>\\n        </td>\\n        <td>\\n            <span style=\\\"\\\" class=\\\"\\\" title=\\\"Aug 03 2025, 20:05 UTC\\\">5 months, 3 weeks ago</span>        </td>\\n    </tr>\",\"date\":1754244300000,\"fpid\":\"2-2128062\",\"clean\":\"Sun Aug 03 2025\",\"seen\":true},\"79-2120045\":{\"row\":\"<tr class=\\\"rowb\\\">\\n        <td>\\n            <a href=\\\"/forums.php?action=viewforum&amp;forumid=79\\\">Site Enhancements</a>\\n        </td>\\n        <td>\\n            <a href=\\\"/forums.php?action=viewthread&amp;threadid=30781&amp;page=1#post2120045\\\">[Userscript] AnimeBytes Nightly</a>\\n        </td>\\n        <td>\\n            <span style=\\\"\\\" class=\\\"\\\" title=\\\"Jun 24 2025, 23:46 UTC\\\">7 months, 4 days ago</span>        </td>\\n    </tr>\",\"date\":1750801560000,\"fpid\":\"79-2120045\",\"clean\":\"Tue Jun 24 2025\",\"seen\":true},\"2-2119940\":{\"row\":\"<tr class=\\\"rowa\\\">\\n        <td>\\n            <a href=\\\"/forums.php?action=viewforum&amp;forumid=2\\\">Chat</a>\\n        </td>\\n        <td>\\n            <a href=\\\"/forums.php?action=viewthread&amp;threadid=75&amp;page=329#post2119940\\\">Introduce yourselves~! ^_^</a>\\n        </td>\\n        <td>\\n            <span style=\\\"\\\" class=\\\"\\\" title=\\\"Jun 24 2025, 13:03 UTC\\\">7 months, 3 days ago</span>        </td>\\n    </tr>\",\"date\":1750762980000,\"fpid\":\"2-2119940\",\"clean\":\"Tue Jun 24 2025\",\"seen\":true}}","last_check":"sMon Feb 02 2026 07:25:56 GMT+0100 (Central European Standard Time)","preference":"sany","hidden":"btrue"}}