{"options":{"check_for_updates":true,"user_modified":1769704051352,"comment":null,"compatopts_for_requires":true,"compat_wrappedjsobject":false,"compat_metadata":false,"compat_foreach":false,"compat_powerful_this":null,"sandbox":null,"noframes":null,"unwrap":null,"run_at":null,"run_in":null,"tags":[],"override":{"use_includes":[],"orig_includes":[],"merge_includes":true,"use_matches":[],"orig_matches":["https://animebytes.tv/*"],"merge_matches":true,"use_excludes":[],"orig_excludes":[],"merge_excludes":true,"use_connects":[],"orig_connects":[],"merge_connects":true,"use_blockers":[],"orig_run_at":"document-idle","orig_run_in":[],"orig_noframes":null,"orig_tags":[]}},"settings":{"enabled":true,"position":16},"meta":{"name":"AB - Torrent Highlighter","uuid":"42363d38-8056-4c6e-b4bb-fc4d3c70f5af","modified":1769704051351,"file_url":"https://github.com/momentary0/AB-Userscripts/raw/master/highlights-2/dist/ab_highlights_2.user.js"}}