{"options":{"check_for_updates":true,"user_modified":null,"comment":null,"compatopts_for_requires":true,"compat_wrappedjsobject":false,"compat_metadata":false,"compat_foreach":false,"compat_powerful_this":null,"sandbox":null,"noframes":null,"unwrap":null,"run_at":null,"run_in":null,"tags":[],"override":{"use_includes":[],"orig_includes":[],"merge_includes":true,"use_matches":[],"orig_matches":["https://animebytes.tv/torrents.php?*id=*","https://animebytes.tv/torrents2.php?*id=*"],"merge_matches":true,"use_excludes":[],"orig_excludes":["https://animebytes.tv/torrents*groupid=*"],"merge_excludes":true,"use_connects":[],"orig_connects":[],"merge_connects":true,"use_blockers":[],"orig_run_at":"document-end","orig_run_in":[],"orig_noframes":null,"orig_tags":[]}},"settings":{"enabled":true,"position":4},"meta":{"name":"AB - Tree Style Filelist","uuid":"08c260ae-15f2-4c45-9d73-44f4e4f75351","modified":1769357855813}}