{"options":{"check_for_updates":true,"user_modified":1769721469884,"comment":null,"compatopts_for_requires":true,"compat_wrappedjsobject":false,"compat_metadata":false,"compat_foreach":false,"compat_powerful_this":null,"sandbox":null,"noframes":null,"unwrap":null,"run_at":null,"run_in":null,"tags":[],"override":{"use_includes":[],"orig_includes":[],"merge_includes":true,"use_matches":[],"orig_matches":["*://animebytes.tv/torrents.php?*","*://animebytes.tv/user.php?action=edit*"],"merge_matches":true,"use_excludes":[],"orig_excludes":[],"merge_excludes":true,"use_connects":[],"orig_connects":["api.themoviedb.org","api.anidb.net","api.jikan.moe","www.imdb.com","youtubei.googleapis.com"],"merge_connects":true,"use_blockers":[],"orig_run_at":"document-idle","orig_run_in":[],"orig_noframes":null,"orig_tags":[]}},"settings":{"enabled":true,"position":24},"meta":{"name":"AB - Trailers, Ratings, Links","uuid":"6f0eb823-b94c-4ed5-9156-8a844e48dcdf","modified":1769721469883,"file_url":"https://github.com/TalkingJello/ab-trailers-ratings-links-and-more/raw/preview-dist/index.prod.user.js"}}